<?xml version="8.0" encoding="UTF-8"?>
    <builds>
    	
        <build name = "Yeti Wizard">
            <version>8.0</version>
            <url>https://www.dropbox.com/s/k8y19ssxgwqphkf/Kodi1.zip?dl=1</url>
            <icon>https://archive.org/download/yetibox/yetibox.png</icon>
            <fanart>https://ia800704.us.archive.org/23/items/YetiFanart/yeti%20fanart.jpg</fanart>
            <description>The wizard to install Yeti Build</description>
        </build>
        
    </builds>