<?xml version="1.0" encoding="UTF-8" standalone="yes"?>
<addon id="plugin.program.YetiWizard" name="Yeti Wizard" version="8.0" provider-name="Yeti Build">
	<requires>
		<import addon="xbmc.python" version="3.0.0"/>
	</requires>
	<extension point="xbmc.python.pluginsource" library="addon.py">
		<provides>executable</provides>
	</extension>
	<extension point="xbmc.service" library="service.py" />
	<extension point="xbmc.addon.metadata">
		<summary lang="en_GB">Yeti Wizard is a lightweight template for installing Yeti Build on Kodi 19 Matrix. Has some code from Aftermath Wizard by Surfacingx. Skin Switch by OpenELEQ. Base code by BYB. Credits to them and all others who contributed. Please report any bugs to @slamious on Telegram/Twitter.</summary>
		<description lang="en_GB">Yeti Wizard</description>
		<disclaimer lang="en_GB">This Addon contains all resources necessary to install the Yeti Build</disclaimer>
		<language>en</language>
		<platform>all</platform>
		<license>GPL-2.0-or-later</license>
		<forum></forum>
		<website></website> 
		<email></email>
		<source></source>
		<news>1.0.5 - Bugfixes. 1.0.3 - Added download progress to build install. 1.0.2 - Added option to encode the buildfile variable to a base64 string. 1.0.1 - Added the option to use json for build file. 1.0.0 - Basic clean up. Ready for official release. 0.0.9 - Added Save Menu, 0.0.8 - Bug fixes, 0.0.7 - Added Advanced Settings presets to Maintenance. 0.0.6 - Added Clear Packages, the first of the Maintenance section.
0.0.5 - Bug fixes
0.0.4 - Added enabling of disabled addons on build first run. Added update repos on build first run. 
0.0.3 - Added prompt notifying when new version of installed build is available.
0.0.2 - Initial Release
		</news>
		<assets>
				<icon>resources/icon.png</icon>
				<fanart>resources/fanart.jpg</fanart>
				<banner></banner>
				<clearlogo></clearlogo>
				<screenshot></screenshot>
		</assets>
	</extension>
</addon>